{"id":"tracker1","position":{"x":0.033399999141693118,"y":-0.8069999814033508,"z":-0.9103999733924866},"rotation":{"x":-0.657853364944458,"y":-0.2520444393157959,"z":0.2574863135814667,"w":-0.6613647937774658},"cam_position":{"x":-0.009997289627790451,"y":1.1198543310165406,"z":-2.167480230331421},"cam_rotation":{"x":0.0920436680316925,"y":0.7115073204040527,"z":-0.13272349536418916,"w":0.6838639378547669}}