{"StoredPosition":{"x":4.667500019073486,"y":-23.25749969482422,"z":-31.443336486816408},"StoredRotation":{"x":0.0,"y":0.0,"z":0.0,"w":1.0}}