{
   "left" : {
      "Pg" : [ -13.150355254114507, 1.5701666975305739, 16.265901119273675 ],
      "alpha" : -0.095145958469592742,
      "insEnc" : [ -23, 11690 ],
      "insLength" : [ 11.173153065844417, 21.650050806107458 ],
      "pitAngle" : [ 2.8712234061263167, -182.18395005365088 ],
      "pitEnc" : [ 8, -6594 ],
      "rolAngle" : [ -96.678129555353252, 144.86999114963226 ],
      "rolEnc" : [ 6, -7381 ],
      "yawAngle" : [ 44.895439525239155, 128.14372035366276 ],
      "yawEnc" : [ 20, -7004 ]
   },
   "platform" : "ua",
   "right" : {
      "Pg" : [ 12.240387257070255, 2.2010807025028525, 15.932865010081201 ],
      "alpha" : 0.88558301757740276,
      "insEnc" : [ -17, 11715 ],
      "insLength" : [ 12.064020430820706, 21.186661951008279 ],
      "pitAngle" : [ 7.6340197288143257, -185.31838364838276 ],
      "pitEnc" : [ -13, 6660 ],
      "rolAngle" : [ 101.99118853814947, -132.29912377916048 ],
      "rolEnc" : [ -7, 7233 ],
      "yawAngle" : [ 138.30903416529318, 43.2813939364286 ],
      "yawEnc" : [ -26, 7028 ]
   }
}
