{
   "left" : {
      "Pg" : [ -12.905670174856365, 2.1274474953758284, 16.8686480971867 ],
      "alpha" : -8.3602897312971525,
      "insEnc" : [ -27, 11726 ],
      "insLength" : [ 11.112672837144162, 20.67443349196737 ],
      "pitAngle" : [ 13.809778130436111, -165.5749687185278 ],
      "pitEnc" : [ 48, -2997 ],
      "rolAngle" : [ -104.81166162866387, 116.24129862030473 ],
      "rolEnc" : [ 20, -7445 ],
      "yawAngle" : [ 46.440920469735126, 125.93985381585291 ],
      "yawEnc" : [ 34, -7020 ]
   },
   "platform" : "ua",
   "right" : {
      "Pg" : [ 12.240387257070255, 2.2010807025028525, 15.932865010081201 ],
      "alpha" : 0.88558301757740276,
      "insEnc" : [ -17, 11715 ],
      "insLength" : [ 12.064020430820706, 21.186661951008279 ],
      "pitAngle" : [ 7.6340197288143257, -185.31838364838276 ],
      "pitEnc" : [ -13, 6660 ],
      "rolAngle" : [ 101.99118853814947, -132.29912377916048 ],
      "rolEnc" : [ -7, 7233 ],
      "yawAngle" : [ 138.30903416529318, 43.2813939364286 ],
      "yawEnc" : [ -26, 7028 ]
   }
}
