{
   "left" : {
      "Pg" : [ -13.05390367063859, 1.3974243026239168, 16.474825236527288 ],
      "alpha" : -0.22352963571831405,
      "insEnc" : [ -36, 11672 ],
      "insLength" : [ 11.073488570818201, 22.070484647440107 ],
      "pitAngle" : [ 2.4702604374583781, -178.47734413264305 ],
      "pitEnc" : [ 47, -6618 ],
      "rolAngle" : [ -91.432129751815893, 120.36579723248379 ],
      "rolEnc" : [ 30, -7403 ],
      "yawAngle" : [ 47.904936926155933, 130.11060684455458 ],
      "yawEnc" : [ 17, -7018 ]
   },
   "platform" : "ua",
   "right" : {
      "Pg" : [ 12.764592367575691, 1.9649859295885383, 16.594234587323243 ],
      "alpha" : 1.3395002231829827,
      "insEnc" : [ -18, 11750 ],
      "insLength" : [ 11.489357087532246, 21.602060369756856 ],
      "pitAngle" : [ 5.5393704056940001, -175.46396996014425 ],
      "pitEnc" : [ -31, 6651 ],
      "rolAngle" : [ 104.93957335123753, -115.28053945343764 ],
      "rolEnc" : [ -22, 7235 ],
      "yawAngle" : [ 136.16373584318512, 51.519779260690761 ],
      "yawEnc" : [ -15, 6991 ]
   }
}
