{
   "left" : {
      "Pg" : [ -13.05390367063859, 1.3974243026239168, 16.474825236527288 ],
      "alpha" : -0.22352963571831405,
      "insEnc" : [ -36, 11672 ],
      "insLength" : [ 11.073488570818201, 22.070484647440107 ],
      "pitAngle" : [ 2.4702604374583781, -178.47734413264305 ],
      "pitEnc" : [ 47, -6618 ],
      "rolAngle" : [ -91.432129751815893, 120.36579723248379 ],
      "rolEnc" : [ 30, -7403 ],
      "yawAngle" : [ 47.904936926155933, 130.11060684455458 ],
      "yawEnc" : [ 17, -7018 ]
   },
   "platform" : "ua",
   "right" : {
      "Pg" : [ 12.653225751683241, 2.2366939298684652, 16.89630144479608 ],
      "alpha" : 0.54714677400438927,
      "insEnc" : [ -31, 11720 ],
      "insLength" : [ 12.156726950107672, 22.771265510250949 ],
      "pitAngle" : [ 4.9725035144697749, -173.1970325392605 ],
      "pitEnc" : [ -9, 6618 ],
      "rolAngle" : [ 95.238159814706208, -130.5291316655416 ],
      "rolEnc" : [ -32, 7332 ],
      "yawAngle" : [ 135.75883880469033, 49.894099260017782 ],
      "yawEnc" : [ -30, 6976 ]
   }
}
