{
    "up_column": {
        "x": -3.2431570766916738e-03,
        "y": -5.7945560740462021e-01,
        "z": -8.1499735028987585e-01
    },
    "forward_column": {
        "x": 2.2689479782984107e-02,
        "y": 8.1474918068978852e-01,
        "z": -5.7936945041354737e-01
    },
    "translation_vector": {
        "x": -1.9074205177649337e-02,
        "y": -1.7759034957615494e-01,
        "z": 2.0156604342352272e-01
    }
}
